file_name,cwe
https://github.com/mariia10/sast-suit2/blob/8bbad14751bc4d0d1ead14f7d57691c75599487f/src/main/java/servlets/module/ModuleServletTemplate.java#L157,[89]
https://github.com/mariia10/sast-suit2/blob/8bbad14751bc4d0d1ead14f7d57691c75599487f/src/main/java/servlets/module/challenge/SessionManagement6SecretQuestion.java#L229,[89]
https://github.com/mariia10/sast-suit2/blob/8bbad14751bc4d0d1ead14f7d57691c75599487f/src/main/java/servlets/module/challenge/SqlInjection1.java#L91,[89]
https://github.com/mariia10/sast-suit2/blob/8bbad14751bc4d0d1ead14f7d57691c75599487f/src/main/java/servlets/module/challenge/SqlInjection3.java#L94,[89]
https://github.com/mariia10/sast-suit2/blob/8bbad14751bc4d0d1ead14f7d57691c75599487f/src/main/java/servlets/module/challenge/SqlInjection4.java#L97,[89]
https://github.com/mariia10/sast-suit2/blob/8bbad14751bc4d0d1ead14f7d57691c75599487f/src/main/java/servlets/module/challenge/SqlInjection5CouponCheck.java#L81,[89]
https://github.com/mariia10/sast-suit2/blob/8bbad14751bc4d0d1ead14f7d57691c75599487f/src/main/java/servlets/module/challenge/SqlInjection5VipCheck.java#L81,[89]
https://github.com/mariia10/sast-suit2/blob/8bbad14751bc4d0d1ead14f7d57691c75599487f/src/main/java/servlets/module/challenge/SqlInjection6.java#L90,[89]
https://github.com/mariia10/sast-suit2/blob/8bbad14751bc4d0d1ead14f7d57691c75599487f/src/main/java/servlets/module/challenge/SqlInjection7.java#L84,[89]
https://github.com/mariia10/sast-suit2/blob/8bbad14751bc4d0d1ead14f7d57691c75599487f/src/main/java/servlets/module/challenge/SqlInjectionEmail.java#L91,[89]
https://github.com/mariia10/sast-suit2/blob/8bbad14751bc4d0d1ead14f7d57691c75599487f/src/main/java/servlets/module/challenge/SqlInjectionEscaping.java#L88,[89]
https://github.com/mariia10/sast-suit2/blob/8bbad14751bc4d0d1ead14f7d57691c75599487f/src/main/java/servlets/module/challenge/SqlInjectionStoredProcedure.java#L82,[89]
https://github.com/mariia10/sast-suit2/blob/8bbad14751bc4d0d1ead14f7d57691c75599487f/src/main/java/servlets/module/challenge/UrlAccess3UserList.java#L95,[89]
https://github.com/mariia10/sast-suit2/blob/8bbad14751bc4d0d1ead14f7d57691c75599487f/src/main/java/servlets/module/lesson/SqlInjectionLesson.java#L136,[89]
https://github.com/mariia10/sast-suit2/blob/8bbad14751bc4d0d1ead14f7d57691c75599487f/src/main/java/servlets/module/ModuleServletTemplate.java#L157,[89]
https://github.com/mariia10/sast-suit2/blob/8bbad14751bc4d0d1ead14f7d57691c75599487f/src/main/java/servlets/module/lesson/SqlInjectionLesson.java#L136,[89]
https://github.com/mariia10/sast-suit2/blob/8bbad14751bc4d0d1ead14f7d57691c75599487f/src/main/java/utils/XmlDocumentBuilder.java#L81,[611]
https://github.com/mariia10/sast-suit2/blob/8bbad14751bc4d0d1ead14f7d57691c75599487f/src/main/java/utils/XmlDocumentBuilder.java#L39,"[611,766]"
https://github.com/mariia10/sast-suit2/blob/8bbad14751bc4d0d1ead14f7d57691c75599487f/src/main/java/utils/XmlDocumentBuilder.java#L39,"[611,766]"
https://github.com/mariia10/sast-suit2/blob/8bbad14751bc4d0d1ead14f7d57691c75599487f/src/main/java/servlets/ChangeUsername.java#L70,[93]
https://github.com/mariia10/sast-suit2/blob/8bbad14751bc4d0d1ead14f7d57691c75599487f/src/main/java/servlets/Login.java#L88,[93]
https://github.com/mariia10/sast-suit2/blob/8bbad14751bc4d0d1ead14f7d57691c75599487f/src/main/java/servlets/Login.java#L95,[93]
https://github.com/mariia10/sast-suit2/blob/8bbad14751bc4d0d1ead14f7d57691c75599487f/src/main/java/servlets/MobileLogin.java#L66,[93]
https://github.com/mariia10/sast-suit2/blob/8bbad14751bc4d0d1ead14f7d57691c75599487f/src/main/java/servlets/MobileLogin.java#L82,[93]
https://github.com/mariia10/sast-suit2/blob/8bbad14751bc4d0d1ead14f7d57691c75599487f/src/main/java/servlets/MobileLogin.java#L88,[93]
https://github.com/mariia10/sast-suit2/blob/8bbad14751bc4d0d1ead14f7d57691c75599487f/src/main/java/servlets/Register.java#L86,[93]
https://github.com/mariia10/sast-suit2/blob/8bbad14751bc4d0d1ead14f7d57691c75599487f/src/main/java/servlets/Register.java#L92,[93]
https://github.com/mariia10/sast-suit2/blob/8bbad14751bc4d0d1ead14f7d57691c75599487f/src/main/java/servlets/Register.java#L94,[93]
https://github.com/mariia10/sast-suit2/blob/8bbad14751bc4d0d1ead14f7d57691c75599487f/src/main/java/servlets/Register.java#L156,[93]
https://github.com/mariia10/sast-suit2/blob/8bbad14751bc4d0d1ead14f7d57691c75599487f/src/main/java/servlets/Setup.java#L202,[93]
https://github.com/mariia10/sast-suit2/blob/8bbad14751bc4d0d1ead14f7d57691c75599487f/src/main/java/servlets/admin/config/ChangeCoreDatabase.java#L72,[93]
https://github.com/mariia10/sast-suit2/blob/8bbad14751bc4d0d1ead14f7d57691c75599487f/src/main/java/servlets/admin/config/ChangeCoreDatabase.java#L75,[93]
https://github.com/mariia10/sast-suit2/blob/8bbad14751bc4d0d1ead14f7d57691c75599487f/src/main/java/servlets/admin/config/EnableScoreboard.java#L71,[93]
https://github.com/mariia10/sast-suit2/blob/8bbad14751bc4d0d1ead14f7d57691c75599487f/src/main/java/servlets/admin/config/EnableScoreboard.java#L132,[93]
https://github.com/mariia10/sast-suit2/blob/8bbad14751bc4d0d1ead14f7d57691c75599487f/src/main/java/servlets/admin/config/EnableScoreboard.java#L147,[93]
https://github.com/mariia10/sast-suit2/blob/8bbad14751bc4d0d1ead14f7d57691c75599487f/src/main/java/servlets/admin/moduleManagement/EnableModuleBlock.java#L72,[93]
https://github.com/mariia10/sast-suit2/blob/8bbad14751bc4d0d1ead14f7d57691c75599487f/src/main/java/servlets/admin/moduleManagement/EnableModuleBlock.java#L83,[93]
https://github.com/mariia10/sast-suit2/blob/8bbad14751bc4d0d1ead14f7d57691c75599487f/src/main/java/servlets/admin/moduleManagement/GetFeedback.java#L65,[93]
https://github.com/mariia10/sast-suit2/blob/8bbad14751bc4d0d1ead14f7d57691c75599487f/src/main/java/servlets/admin/moduleManagement/GetJsonProgress.java#L68,[93]
https://github.com/mariia10/sast-suit2/blob/8bbad14751bc4d0d1ead14f7d57691c75599487f/src/main/java/servlets/admin/moduleManagement/GetProgress.java#L65,[93]
https://github.com/mariia10/sast-suit2/blob/8bbad14751bc4d0d1ead14f7d57691c75599487f/src/main/java/servlets/admin/moduleManagement/OpenAllModules.java#L49,[93]
https://github.com/mariia10/sast-suit2/blob/8bbad14751bc4d0d1ead14f7d57691c75599487f/src/main/java/servlets/admin/moduleManagement/OpenOrCloseByCategory.java#L60,[93]
https://github.com/mariia10/sast-suit2/blob/8bbad14751bc4d0d1ead14f7d57691c75599487f/src/main/java/servlets/admin/moduleManagement/OpenOrCloseByCategory.java#L64,[93]
https://github.com/mariia10/sast-suit2/blob/8bbad14751bc4d0d1ead14f7d57691c75599487f/src/main/java/servlets/admin/moduleManagement/OpenWebModules.java#L53,[93]
https://github.com/mariia10/sast-suit2/blob/8bbad14751bc4d0d1ead14f7d57691c75599487f/src/main/java/servlets/admin/moduleManagement/SetModuleStatus.java#L50,[93]
https://github.com/mariia10/sast-suit2/blob/8bbad14751bc4d0d1ead14f7d57691c75599487f/src/main/java/servlets/admin/moduleManagement/SetModuleStatus.java#L62,[93]
https://github.com/mariia10/sast-suit2/blob/8bbad14751bc4d0d1ead14f7d57691c75599487f/src/main/java/servlets/admin/userManagement/AddPlayer.java#L85,[93]
https://github.com/mariia10/sast-suit2/blob/8bbad14751bc4d0d1ead14f7d57691c75599487f/src/main/java/servlets/admin/userManagement/AddPlayer.java#L87,[93]
https://github.com/mariia10/sast-suit2/blob/8bbad14751bc4d0d1ead14f7d57691c75599487f/src/main/java/servlets/admin/userManagement/AddPlayer.java#L93,[93]
https://github.com/mariia10/sast-suit2/blob/8bbad14751bc4d0d1ead14f7d57691c75599487f/src/main/java/servlets/admin/userManagement/AddPlayer.java#L96,[93]
https://github.com/mariia10/sast-suit2/blob/8bbad14751bc4d0d1ead14f7d57691c75599487f/src/main/java/servlets/admin/userManagement/AddPlayer.java#L124,[93]
https://github.com/mariia10/sast-suit2/blob/8bbad14751bc4d0d1ead14f7d57691c75599487f/src/main/java/servlets/admin/userManagement/AssignPlayers.java#L78,[93]
https://github.com/mariia10/sast-suit2/blob/8bbad14751bc4d0d1ead14f7d57691c75599487f/src/main/java/servlets/admin/userManagement/AssignPlayers.java#L81,[93]
https://github.com/mariia10/sast-suit2/blob/8bbad14751bc4d0d1ead14f7d57691c75599487f/src/main/java/servlets/admin/userManagement/AssignPlayers.java#L102,[93]
https://github.com/mariia10/sast-suit2/blob/8bbad14751bc4d0d1ead14f7d57691c75599487f/src/main/java/servlets/admin/userManagement/ChangeUserPassword.java#L69,[93]
https://github.com/mariia10/sast-suit2/blob/8bbad14751bc4d0d1ead14f7d57691c75599487f/src/main/java/servlets/admin/userManagement/ChangeUserPassword.java#L71,[93]
https://github.com/mariia10/sast-suit2/blob/8bbad14751bc4d0d1ead14f7d57691c75599487f/src/main/java/servlets/admin/userManagement/CreateClass.java#L79,[93]
https://github.com/mariia10/sast-suit2/blob/8bbad14751bc4d0d1ead14f7d57691c75599487f/src/main/java/servlets/admin/userManagement/CreateClass.java#L81,[93]
https://github.com/mariia10/sast-suit2/blob/8bbad14751bc4d0d1ead14f7d57691c75599487f/src/main/java/servlets/admin/userManagement/CreateNewAdmin.java#L83,[93]
https://github.com/mariia10/sast-suit2/blob/8bbad14751bc4d0d1ead14f7d57691c75599487f/src/main/java/servlets/admin/userManagement/CreateNewAdmin.java#L89,[93]
https://github.com/mariia10/sast-suit2/blob/8bbad14751bc4d0d1ead14f7d57691c75599487f/src/main/java/servlets/admin/userManagement/CreateNewAdmin.java#L92,[93]
https://github.com/mariia10/sast-suit2/blob/8bbad14751bc4d0d1ead14f7d57691c75599487f/src/main/java/servlets/admin/userManagement/DeletePlayers.java#L75,[93]
https://github.com/mariia10/sast-suit2/blob/8bbad14751bc4d0d1ead14f7d57691c75599487f/src/main/java/servlets/admin/userManagement/DeletePlayers.java#L80,[93]
https://github.com/mariia10/sast-suit2/blob/8bbad14751bc4d0d1ead14f7d57691c75599487f/src/main/java/servlets/admin/userManagement/DowngradeAdmin.java#L74,[93]
https://github.com/mariia10/sast-suit2/blob/8bbad14751bc4d0d1ead14f7d57691c75599487f/src/main/java/servlets/admin/userManagement/GetPlayersByClass.java#L77,[93]
https://github.com/mariia10/sast-suit2/blob/8bbad14751bc4d0d1ead14f7d57691c75599487f/src/main/java/servlets/admin/userManagement/GetPlayersByClass.java#L136,[93]
https://github.com/mariia10/sast-suit2/blob/8bbad14751bc4d0d1ead14f7d57691c75599487f/src/main/java/servlets/admin/userManagement/GetPlayersByClass.java#L141,[93]
https://github.com/mariia10/sast-suit2/blob/8bbad14751bc4d0d1ead14f7d57691c75599487f/src/main/java/servlets/admin/userManagement/GiveTakePoints.java#L67,[93]
https://github.com/mariia10/sast-suit2/blob/8bbad14751bc4d0d1ead14f7d57691c75599487f/src/main/java/servlets/admin/userManagement/GiveTakePoints.java#L69,[93]
https://github.com/mariia10/sast-suit2/blob/8bbad14751bc4d0d1ead14f7d57691c75599487f/src/main/java/servlets/admin/userManagement/GiveTakePoints.java#L79,[93]
https://github.com/mariia10/sast-suit2/blob/8bbad14751bc4d0d1ead14f7d57691c75599487f/src/main/java/servlets/admin/userManagement/SetDefaultClass.java#L78,[93]
https://github.com/mariia10/sast-suit2/blob/8bbad14751bc4d0d1ead14f7d57691c75599487f/src/main/java/servlets/admin/userManagement/SetDefaultClass.java#L97,[93]
https://github.com/mariia10/sast-suit2/blob/8bbad14751bc4d0d1ead14f7d57691c75599487f/src/main/java/servlets/admin/userManagement/SuspendUser.java#L68,[93]
https://github.com/mariia10/sast-suit2/blob/8bbad14751bc4d0d1ead14f7d57691c75599487f/src/main/java/servlets/admin/userManagement/SuspendUser.java#L70,[93]
https://github.com/mariia10/sast-suit2/blob/8bbad14751bc4d0d1ead14f7d57691c75599487f/src/main/java/servlets/admin/userManagement/UnSuspendUser.java#L68,[93]
https://github.com/mariia10/sast-suit2/blob/8bbad14751bc4d0d1ead14f7d57691c75599487f/src/main/java/servlets/admin/userManagement/UpgradePlayer.java#L77,[93]
https://github.com/mariia10/sast-suit2/blob/8bbad14751bc4d0d1ead14f7d57691c75599487f/src/main/java/servlets/module/FeedbackSubmit.java#L87,[93]
https://github.com/mariia10/sast-suit2/blob/8bbad14751bc4d0d1ead14f7d57691c75599487f/src/main/java/servlets/module/FeedbackSubmit.java#L91,[93]
https://github.com/mariia10/sast-suit2/blob/8bbad14751bc4d0d1ead14f7d57691c75599487f/src/main/java/servlets/module/FeedbackSubmit.java#L94,[93]
https://github.com/mariia10/sast-suit2/blob/8bbad14751bc4d0d1ead14f7d57691c75599487f/src/main/java/servlets/module/FeedbackSubmit.java#L97,[93]
https://github.com/mariia10/sast-suit2/blob/8bbad14751bc4d0d1ead14f7d57691c75599487f/src/main/java/servlets/module/FeedbackSubmit.java#L100,[93]
https://github.com/mariia10/sast-suit2/blob/8bbad14751bc4d0d1ead14f7d57691c75599487f/src/main/java/servlets/module/FeedbackSubmit.java#L102,[93]
https://github.com/mariia10/sast-suit2/blob/8bbad14751bc4d0d1ead14f7d57691c75599487f/src/main/java/servlets/module/FeedbackSubmit.java#L129,[93]
https://github.com/mariia10/sast-suit2/blob/8bbad14751bc4d0d1ead14f7d57691c75599487f/src/main/java/servlets/module/FeedbackSubmit.java#L130,[93]
https://github.com/mariia10/sast-suit2/blob/8bbad14751bc4d0d1ead14f7d57691c75599487f/src/main/java/servlets/module/FeedbackSubmit.java#L148,[93]
https://github.com/mariia10/sast-suit2/blob/8bbad14751bc4d0d1ead14f7d57691c75599487f/src/main/java/servlets/module/GetCheat.java#L74,[93]
https://github.com/mariia10/sast-suit2/blob/8bbad14751bc4d0d1ead14f7d57691c75599487f/src/main/java/servlets/module/GetModule.java#L104,[93]
https://github.com/mariia10/sast-suit2/blob/8bbad14751bc4d0d1ead14f7d57691c75599487f/src/main/java/servlets/module/GetModule.java#L133,[93]
https://github.com/mariia10/sast-suit2/blob/8bbad14751bc4d0d1ead14f7d57691c75599487f/src/main/java/servlets/module/ModuleServletTemplate.java#L85,[93]
https://github.com/mariia10/sast-suit2/blob/8bbad14751bc4d0d1ead14f7d57691c75599487f/src/main/java/servlets/module/ModuleServletTemplate.java#L94,[93]
https://github.com/mariia10/sast-suit2/blob/8bbad14751bc4d0d1ead14f7d57691c75599487f/src/main/java/servlets/module/ModuleServletTemplate.java#L160,[93]
https://github.com/mariia10/sast-suit2/blob/8bbad14751bc4d0d1ead14f7d57691c75599487f/src/main/java/servlets/module/SolutionSubmit.java#L84,[93]
https://github.com/mariia10/sast-suit2/blob/8bbad14751bc4d0d1ead14f7d57691c75599487f/src/main/java/servlets/module/SolutionSubmit.java#L87,[93]
https://github.com/mariia10/sast-suit2/blob/8bbad14751bc4d0d1ead14f7d57691c75599487f/src/main/java/servlets/module/SolutionSubmit.java#L123,[93]
https://github.com/mariia10/sast-suit2/blob/8bbad14751bc4d0d1ead14f7d57691c75599487f/src/main/java/servlets/module/SolutionSubmit.java#L124,[93]
https://github.com/mariia10/sast-suit2/blob/8bbad14751bc4d0d1ead14f7d57691c75599487f/src/main/java/servlets/module/SolutionSubmit.java#L133,[93]
https://github.com/mariia10/sast-suit2/blob/8bbad14751bc4d0d1ead14f7d57691c75599487f/src/main/java/servlets/module/SolutionSubmit.java#L154,[93]
https://github.com/mariia10/sast-suit2/blob/8bbad14751bc4d0d1ead14f7d57691c75599487f/src/main/java/servlets/module/challenge/BrokenCrypto3.java#L72,[93]
https://github.com/mariia10/sast-suit2/blob/8bbad14751bc4d0d1ead14f7d57691c75599487f/src/main/java/servlets/module/challenge/BrokenCrypto3.java#L77,[93]
https://github.com/mariia10/sast-suit2/blob/8bbad14751bc4d0d1ead14f7d57691c75599487f/src/main/java/servlets/module/challenge/BrokenCrypto4.java#L76,[93]
https://github.com/mariia10/sast-suit2/blob/8bbad14751bc4d0d1ead14f7d57691c75599487f/src/main/java/servlets/module/challenge/BrokenCrypto4.java#L78,[93]
https://github.com/mariia10/sast-suit2/blob/8bbad14751bc4d0d1ead14f7d57691c75599487f/src/main/java/servlets/module/challenge/BrokenCrypto4.java#L80,[93]
https://github.com/mariia10/sast-suit2/blob/8bbad14751bc4d0d1ead14f7d57691c75599487f/src/main/java/servlets/module/challenge/BrokenCrypto4.java#L82,[93]
https://github.com/mariia10/sast-suit2/blob/8bbad14751bc4d0d1ead14f7d57691c75599487f/src/main/java/servlets/module/challenge/BrokenCrypto4.java#L84,[93]
https://github.com/mariia10/sast-suit2/blob/8bbad14751bc4d0d1ead14f7d57691c75599487f/src/main/java/servlets/module/challenge/BrokenCryptoHomeMade.java#L149,[93]
https://github.com/mariia10/sast-suit2/blob/8bbad14751bc4d0d1ead14f7d57691c75599487f/src/main/java/servlets/module/challenge/CsrfChallengeFive.java#L79,[93]
https://github.com/mariia10/sast-suit2/blob/8bbad14751bc4d0d1ead14f7d57691c75599487f/src/main/java/servlets/module/challenge/CsrfChallengeFour.java#L79,[93]
https://github.com/mariia10/sast-suit2/blob/8bbad14751bc4d0d1ead14f7d57691c75599487f/src/main/java/servlets/module/challenge/CsrfChallengeJSON.java#L81,[93]
https://github.com/mariia10/sast-suit2/blob/8bbad14751bc4d0d1ead14f7d57691c75599487f/src/main/java/servlets/module/challenge/CsrfChallengeOne.java#L77,[93]
https://github.com/mariia10/sast-suit2/blob/8bbad14751bc4d0d1ead14f7d57691c75599487f/src/main/java/servlets/module/challenge/CsrfChallengeSeven.java#L77,[93]
https://github.com/mariia10/sast-suit2/blob/8bbad14751bc4d0d1ead14f7d57691c75599487f/src/main/java/servlets/module/challenge/CsrfChallengeSevenGetToken.java#L95,[93]
https://github.com/mariia10/sast-suit2/blob/8bbad14751bc4d0d1ead14f7d57691c75599487f/src/main/java/servlets/module/challenge/CsrfChallengeSix.java#L79,[93]
https://github.com/mariia10/sast-suit2/blob/8bbad14751bc4d0d1ead14f7d57691c75599487f/src/main/java/servlets/module/challenge/CsrfChallengeSixGetToken.java#L90,[93]
https://github.com/mariia10/sast-suit2/blob/8bbad14751bc4d0d1ead14f7d57691c75599487f/src/main/java/servlets/module/challenge/CsrfChallengeTargetFive.java#L93,[93]
https://github.com/mariia10/sast-suit2/blob/8bbad14751bc4d0d1ead14f7d57691c75599487f/src/main/java/servlets/module/challenge/CsrfChallengeTargetFive.java#L96,[93]
https://github.com/mariia10/sast-suit2/blob/8bbad14751bc4d0d1ead14f7d57691c75599487f/src/main/java/servlets/module/challenge/CsrfChallengeTargetFive.java#L105,[93]
https://github.com/mariia10/sast-suit2/blob/8bbad14751bc4d0d1ead14f7d57691c75599487f/src/main/java/servlets/module/challenge/CsrfChallengeTargetFive.java#L111,[93]
https://github.com/mariia10/sast-suit2/blob/8bbad14751bc4d0d1ead14f7d57691c75599487f/src/main/java/servlets/module/challenge/CsrfChallengeTargetFive.java#L114,[93]
https://github.com/mariia10/sast-suit2/blob/8bbad14751bc4d0d1ead14f7d57691c75599487f/src/main/java/servlets/module/challenge/CsrfChallengeTargetFour.java#L100,[93]
https://github.com/mariia10/sast-suit2/blob/8bbad14751bc4d0d1ead14f7d57691c75599487f/src/main/java/servlets/module/challenge/CsrfChallengeTargetFour.java#L102,[93]
https://github.com/mariia10/sast-suit2/blob/8bbad14751bc4d0d1ead14f7d57691c75599487f/src/main/java/servlets/module/challenge/CsrfChallengeTargetFour.java#L112,[93]
https://github.com/mariia10/sast-suit2/blob/8bbad14751bc4d0d1ead14f7d57691c75599487f/src/main/java/servlets/module/challenge/CsrfChallengeTargetFour.java#L118,[93]
https://github.com/mariia10/sast-suit2/blob/8bbad14751bc4d0d1ead14f7d57691c75599487f/src/main/java/servlets/module/challenge/CsrfChallengeTargetFour.java#L121,[93]
https://github.com/mariia10/sast-suit2/blob/8bbad14751bc4d0d1ead14f7d57691c75599487f/src/main/java/servlets/module/challenge/CsrfChallengeTargetJSON.java#L78,[93]
https://github.com/mariia10/sast-suit2/blob/8bbad14751bc4d0d1ead14f7d57691c75599487f/src/main/java/servlets/module/challenge/CsrfChallengeTargetJSON.java#L82,[93]
https://github.com/mariia10/sast-suit2/blob/8bbad14751bc4d0d1ead14f7d57691c75599487f/src/main/java/servlets/module/challenge/CsrfChallengeTargetJSON.java#L89,[93]
https://github.com/mariia10/sast-suit2/blob/8bbad14751bc4d0d1ead14f7d57691c75599487f/src/main/java/servlets/module/challenge/CsrfChallengeTargetJSON.java#L96,[93]
https://github.com/mariia10/sast-suit2/blob/8bbad14751bc4d0d1ead14f7d57691c75599487f/src/main/java/servlets/module/challenge/CsrfChallengeTargetOne.java#L73,[93]
https://github.com/mariia10/sast-suit2/blob/8bbad14751bc4d0d1ead14f7d57691c75599487f/src/main/java/servlets/module/challenge/CsrfChallengeTargetOne.java#L80,[93]
https://github.com/mariia10/sast-suit2/blob/8bbad14751bc4d0d1ead14f7d57691c75599487f/src/main/java/servlets/module/challenge/CsrfChallengeTargetOne.java#L87,[93]
https://github.com/mariia10/sast-suit2/blob/8bbad14751bc4d0d1ead14f7d57691c75599487f/src/main/java/servlets/module/challenge/CsrfChallengeTargetSeven.java#L95,[93]
https://github.com/mariia10/sast-suit2/blob/8bbad14751bc4d0d1ead14f7d57691c75599487f/src/main/java/servlets/module/challenge/CsrfChallengeTargetSeven.java#L97,[93]
https://github.com/mariia10/sast-suit2/blob/8bbad14751bc4d0d1ead14f7d57691c75599487f/src/main/java/servlets/module/challenge/CsrfChallengeTargetSeven.java#L106,[93]
https://github.com/mariia10/sast-suit2/blob/8bbad14751bc4d0d1ead14f7d57691c75599487f/src/main/java/servlets/module/challenge/CsrfChallengeTargetSeven.java#L112,[93]
https://github.com/mariia10/sast-suit2/blob/8bbad14751bc4d0d1ead14f7d57691c75599487f/src/main/java/servlets/module/challenge/CsrfChallengeTargetSeven.java#L115,[93]
https://github.com/mariia10/sast-suit2/blob/8bbad14751bc4d0d1ead14f7d57691c75599487f/src/main/java/servlets/module/challenge/CsrfChallengeTargetSix.java#L101,[93]
https://github.com/mariia10/sast-suit2/blob/8bbad14751bc4d0d1ead14f7d57691c75599487f/src/main/java/servlets/module/challenge/CsrfChallengeTargetSix.java#L104,[93]
https://github.com/mariia10/sast-suit2/blob/8bbad14751bc4d0d1ead14f7d57691c75599487f/src/main/java/servlets/module/challenge/CsrfChallengeTargetSix.java#L113,[93]
https://github.com/mariia10/sast-suit2/blob/8bbad14751bc4d0d1ead14f7d57691c75599487f/src/main/java/servlets/module/challenge/CsrfChallengeTargetSix.java#L119,[93]
https://github.com/mariia10/sast-suit2/blob/8bbad14751bc4d0d1ead14f7d57691c75599487f/src/main/java/servlets/module/challenge/CsrfChallengeTargetSix.java#L122,[93]
https://github.com/mariia10/sast-suit2/blob/8bbad14751bc4d0d1ead14f7d57691c75599487f/src/main/java/servlets/module/challenge/CsrfChallengeTargetThree.java#L73,[93]
https://github.com/mariia10/sast-suit2/blob/8bbad14751bc4d0d1ead14f7d57691c75599487f/src/main/java/servlets/module/challenge/CsrfChallengeTargetThree.java#L88,[93]
https://github.com/mariia10/sast-suit2/blob/8bbad14751bc4d0d1ead14f7d57691c75599487f/src/main/java/servlets/module/challenge/CsrfChallengeTargetThree.java#L95,[93]
https://github.com/mariia10/sast-suit2/blob/8bbad14751bc4d0d1ead14f7d57691c75599487f/src/main/java/servlets/module/challenge/CsrfChallengeTargetTwo.java#L73,[93]
https://github.com/mariia10/sast-suit2/blob/8bbad14751bc4d0d1ead14f7d57691c75599487f/src/main/java/servlets/module/challenge/CsrfChallengeTargetTwo.java#L80,[93]
https://github.com/mariia10/sast-suit2/blob/8bbad14751bc4d0d1ead14f7d57691c75599487f/src/main/java/servlets/module/challenge/CsrfChallengeTargetTwo.java#L87,[93]
https://github.com/mariia10/sast-suit2/blob/8bbad14751bc4d0d1ead14f7d57691c75599487f/src/main/java/servlets/module/challenge/CsrfChallengeThree.java#L79,[93]
https://github.com/mariia10/sast-suit2/blob/8bbad14751bc4d0d1ead14f7d57691c75599487f/src/main/java/servlets/module/challenge/CsrfChallengeTwo.java#L79,[93]
https://github.com/mariia10/sast-suit2/blob/8bbad14751bc4d0d1ead14f7d57691c75599487f/src/main/java/servlets/module/challenge/DirectObject1.java#L77,[93]
https://github.com/mariia10/sast-suit2/blob/8bbad14751bc4d0d1ead14f7d57691c75599487f/src/main/java/servlets/module/challenge/DirectObject2.java#L77,[93]
https://github.com/mariia10/sast-suit2/blob/8bbad14751bc4d0d1ead14f7d57691c75599487f/src/main/java/servlets/module/challenge/DirectObjectBankCurrentBalance.java#L71,[93]
https://github.com/mariia10/sast-suit2/blob/8bbad14751bc4d0d1ead14f7d57691c75599487f/src/main/java/servlets/module/challenge/DirectObjectBankLogin.java#L80,[93]
https://github.com/mariia10/sast-suit2/blob/8bbad14751bc4d0d1ead14f7d57691c75599487f/src/main/java/servlets/module/challenge/DirectObjectBankLogin.java#L82,[93]
https://github.com/mariia10/sast-suit2/blob/8bbad14751bc4d0d1ead14f7d57691c75599487f/src/main/java/servlets/module/challenge/DirectObjectBankRegistration.java#L71,[93]
https://github.com/mariia10/sast-suit2/blob/8bbad14751bc4d0d1ead14f7d57691c75599487f/src/main/java/servlets/module/challenge/DirectObjectBankRegistration.java#L73,[93]
https://github.com/mariia10/sast-suit2/blob/8bbad14751bc4d0d1ead14f7d57691c75599487f/src/main/java/servlets/module/challenge/DirectObjectBankTransfer.java#L77,[93]
https://github.com/mariia10/sast-suit2/blob/8bbad14751bc4d0d1ead14f7d57691c75599487f/src/main/java/servlets/module/challenge/DirectObjectBankTransfer.java#L79,[93]
https://github.com/mariia10/sast-suit2/blob/8bbad14751bc4d0d1ead14f7d57691c75599487f/src/main/java/servlets/module/challenge/DirectObjectBankTransfer.java#L81,[93]
https://github.com/mariia10/sast-suit2/blob/8bbad14751bc4d0d1ead14f7d57691c75599487f/src/main/java/servlets/module/challenge/NoSqlInjection1.java#L114,[93]
https://github.com/mariia10/sast-suit2/blob/8bbad14751bc4d0d1ead14f7d57691c75599487f/src/main/java/servlets/module/challenge/NoSqlInjection1.java#L132,[93]
https://github.com/mariia10/sast-suit2/blob/8bbad14751bc4d0d1ead14f7d57691c75599487f/src/main/java/servlets/module/challenge/PoorValidation1.java#L70,[93]
https://github.com/mariia10/sast-suit2/blob/8bbad14751bc4d0d1ead14f7d57691c75599487f/src/main/java/servlets/module/challenge/PoorValidation1.java#L72,[93]
https://github.com/mariia10/sast-suit2/blob/8bbad14751bc4d0d1ead14f7d57691c75599487f/src/main/java/servlets/module/challenge/PoorValidation1.java#L74,[93]
https://github.com/mariia10/sast-suit2/blob/8bbad14751bc4d0d1ead14f7d57691c75599487f/src/main/java/servlets/module/challenge/PoorValidation1.java#L76,[93]
https://github.com/mariia10/sast-suit2/blob/8bbad14751bc4d0d1ead14f7d57691c75599487f/src/main/java/servlets/module/challenge/PoorValidation2.java#L74,[93]
https://github.com/mariia10/sast-suit2/blob/8bbad14751bc4d0d1ead14f7d57691c75599487f/src/main/java/servlets/module/challenge/PoorValidation2.java#L76,[93]
https://github.com/mariia10/sast-suit2/blob/8bbad14751bc4d0d1ead14f7d57691c75599487f/src/main/java/servlets/module/challenge/PoorValidation2.java#L78,[93]
https://github.com/mariia10/sast-suit2/blob/8bbad14751bc4d0d1ead14f7d57691c75599487f/src/main/java/servlets/module/challenge/PoorValidation2.java#L80,[93]
https://github.com/mariia10/sast-suit2/blob/8bbad14751bc4d0d1ead14f7d57691c75599487f/src/main/java/servlets/module/challenge/SecurityMisconfigStealTokens.java#L96,[93]
https://github.com/mariia10/sast-suit2/blob/8bbad14751bc4d0d1ead14f7d57691c75599487f/src/main/java/servlets/module/challenge/SecurityMisconfigStealTokens.java#L202,[93]
https://github.com/mariia10/sast-suit2/blob/8bbad14751bc4d0d1ead14f7d57691c75599487f/src/main/java/servlets/module/challenge/SessionManagement1.java#L91,[93]
https://github.com/mariia10/sast-suit2/blob/8bbad14751bc4d0d1ead14f7d57691c75599487f/src/main/java/servlets/module/challenge/SessionManagement1.java#L94,[93]
https://github.com/mariia10/sast-suit2/blob/8bbad14751bc4d0d1ead14f7d57691c75599487f/src/main/java/servlets/module/challenge/SessionManagement2.java#L96,[93]
https://github.com/mariia10/sast-suit2/blob/8bbad14751bc4d0d1ead14f7d57691c75599487f/src/main/java/servlets/module/challenge/SessionManagement2.java#L97,[93]
https://github.com/mariia10/sast-suit2/blob/8bbad14751bc4d0d1ead14f7d57691c75599487f/src/main/java/servlets/module/challenge/SessionManagement2ChangePassword.java#L88,[93]
https://github.com/mariia10/sast-suit2/blob/8bbad14751bc4d0d1ead14f7d57691c75599487f/src/main/java/servlets/module/challenge/SessionManagement3.java#L98,[93]
https://github.com/mariia10/sast-suit2/blob/8bbad14751bc4d0d1ead14f7d57691c75599487f/src/main/java/servlets/module/challenge/SessionManagement3.java#L99,[93]
https://github.com/mariia10/sast-suit2/blob/8bbad14751bc4d0d1ead14f7d57691c75599487f/src/main/java/servlets/module/challenge/SessionManagement3ChangePassword.java#L101,[93]
https://github.com/mariia10/sast-suit2/blob/8bbad14751bc4d0d1ead14f7d57691c75599487f/src/main/java/servlets/module/challenge/SessionManagement3ChangePassword.java#L112,[93]
https://github.com/mariia10/sast-suit2/blob/8bbad14751bc4d0d1ead14f7d57691c75599487f/src/main/java/servlets/module/challenge/SessionManagement3ChangePassword.java#L113,[93]
https://github.com/mariia10/sast-suit2/blob/8bbad14751bc4d0d1ead14f7d57691c75599487f/src/main/java/servlets/module/challenge/SessionManagement3ChangePassword.java#L121,[93]
https://github.com/mariia10/sast-suit2/blob/8bbad14751bc4d0d1ead14f7d57691c75599487f/src/main/java/servlets/module/challenge/SessionManagement3ChangePassword.java#L122,[93]
https://github.com/mariia10/sast-suit2/blob/8bbad14751bc4d0d1ead14f7d57691c75599487f/src/main/java/servlets/module/challenge/SessionManagement3ChangePassword.java#L139,[93]
https://github.com/mariia10/sast-suit2/blob/8bbad14751bc4d0d1ead14f7d57691c75599487f/src/main/java/servlets/module/challenge/SessionManagement4.java#L90,[93]
https://github.com/mariia10/sast-suit2/blob/8bbad14751bc4d0d1ead14f7d57691c75599487f/src/main/java/servlets/module/challenge/SessionManagement4.java#L96,[93]
https://github.com/mariia10/sast-suit2/blob/8bbad14751bc4d0d1ead14f7d57691c75599487f/src/main/java/servlets/module/challenge/SessionManagement4.java#L129,[93]
https://github.com/mariia10/sast-suit2/blob/8bbad14751bc4d0d1ead14f7d57691c75599487f/src/main/java/servlets/module/challenge/SessionManagement4.java#L130,[93]
https://github.com/mariia10/sast-suit2/blob/8bbad14751bc4d0d1ead14f7d57691c75599487f/src/main/java/servlets/module/challenge/SessionManagement5.java#L93,[93]
https://github.com/mariia10/sast-suit2/blob/8bbad14751bc4d0d1ead14f7d57691c75599487f/src/main/java/servlets/module/challenge/SessionManagement5.java#L94,[93]
https://github.com/mariia10/sast-suit2/blob/8bbad14751bc4d0d1ead14f7d57691c75599487f/src/main/java/servlets/module/challenge/SessionManagement5ChangePassword.java#L101,[93]
https://github.com/mariia10/sast-suit2/blob/8bbad14751bc4d0d1ead14f7d57691c75599487f/src/main/java/servlets/module/challenge/SessionManagement5ChangePassword.java#L102,[93]
https://github.com/mariia10/sast-suit2/blob/8bbad14751bc4d0d1ead14f7d57691c75599487f/src/main/java/servlets/module/challenge/SessionManagement5ChangePassword.java#L103,[93]
https://github.com/mariia10/sast-suit2/blob/8bbad14751bc4d0d1ead14f7d57691c75599487f/src/main/java/servlets/module/challenge/SessionManagement5ChangePassword.java#L116,[93]
https://github.com/mariia10/sast-suit2/blob/8bbad14751bc4d0d1ead14f7d57691c75599487f/src/main/java/servlets/module/challenge/SessionManagement5ChangePassword.java#L126,[93]
https://github.com/mariia10/sast-suit2/blob/8bbad14751bc4d0d1ead14f7d57691c75599487f/src/main/java/servlets/module/challenge/SessionManagement5ChangePassword.java#L140,[93]
https://github.com/mariia10/sast-suit2/blob/8bbad14751bc4d0d1ead14f7d57691c75599487f/src/main/java/servlets/module/challenge/SessionManagement5ChangePassword.java#L141,[93]
https://github.com/mariia10/sast-suit2/blob/8bbad14751bc4d0d1ead14f7d57691c75599487f/src/main/java/servlets/module/challenge/SessionManagement5ChangePassword.java#L161,[93]
https://github.com/mariia10/sast-suit2/blob/8bbad14751bc4d0d1ead14f7d57691c75599487f/src/main/java/servlets/module/challenge/SessionManagement5SetToken.java#L90,[93]
https://github.com/mariia10/sast-suit2/blob/8bbad14751bc4d0d1ead14f7d57691c75599487f/src/main/java/servlets/module/challenge/SessionManagement6.java#L94,[93]
https://github.com/mariia10/sast-suit2/blob/8bbad14751bc4d0d1ead14f7d57691c75599487f/src/main/java/servlets/module/challenge/SessionManagement6.java#L97,[93]
https://github.com/mariia10/sast-suit2/blob/8bbad14751bc4d0d1ead14f7d57691c75599487f/src/main/java/servlets/module/challenge/SessionManagement6.java#L113,[93]
https://github.com/mariia10/sast-suit2/blob/8bbad14751bc4d0d1ead14f7d57691c75599487f/src/main/java/servlets/module/challenge/SessionManagement6.java#L114,[93]
https://github.com/mariia10/sast-suit2/blob/8bbad14751bc4d0d1ead14f7d57691c75599487f/src/main/java/servlets/module/challenge/SessionManagement6SecretQuestion.java#L88,[93]
https://github.com/mariia10/sast-suit2/blob/8bbad14751bc4d0d1ead14f7d57691c75599487f/src/main/java/servlets/module/challenge/SessionManagement6SecretQuestion.java#L91,[93]
https://github.com/mariia10/sast-suit2/blob/8bbad14751bc4d0d1ead14f7d57691c75599487f/src/main/java/servlets/module/challenge/SessionManagement6SecretQuestion.java#L203,[93]
https://github.com/mariia10/sast-suit2/blob/8bbad14751bc4d0d1ead14f7d57691c75599487f/src/main/java/servlets/module/challenge/SessionManagement6SecretQuestion.java#L210,[93]
https://github.com/mariia10/sast-suit2/blob/8bbad14751bc4d0d1ead14f7d57691c75599487f/src/main/java/servlets/module/challenge/SessionManagement6SecretQuestion.java#L235,[93]
https://github.com/mariia10/sast-suit2/blob/8bbad14751bc4d0d1ead14f7d57691c75599487f/src/main/java/servlets/module/challenge/SessionManagement7.java#L94,[93]
https://github.com/mariia10/sast-suit2/blob/8bbad14751bc4d0d1ead14f7d57691c75599487f/src/main/java/servlets/module/challenge/SessionManagement7.java#L97,[93]
https://github.com/mariia10/sast-suit2/blob/8bbad14751bc4d0d1ead14f7d57691c75599487f/src/main/java/servlets/module/challenge/SessionManagement7.java#L112,[93]
https://github.com/mariia10/sast-suit2/blob/8bbad14751bc4d0d1ead14f7d57691c75599487f/src/main/java/servlets/module/challenge/SessionManagement7.java#L113,[93]
https://github.com/mariia10/sast-suit2/blob/8bbad14751bc4d0d1ead14f7d57691c75599487f/src/main/java/servlets/module/challenge/SessionManagement7SecretQuestion.java#L100,[93]
https://github.com/mariia10/sast-suit2/blob/8bbad14751bc4d0d1ead14f7d57691c75599487f/src/main/java/servlets/module/challenge/SessionManagement7SecretQuestion.java#L103,[93]
https://github.com/mariia10/sast-suit2/blob/8bbad14751bc4d0d1ead14f7d57691c75599487f/src/main/java/servlets/module/challenge/SessionManagement7SecretQuestion.java#L225,[93]
https://github.com/mariia10/sast-suit2/blob/8bbad14751bc4d0d1ead14f7d57691c75599487f/src/main/java/servlets/module/challenge/SessionManagement7SecretQuestion.java#L226,[93]
https://github.com/mariia10/sast-suit2/blob/8bbad14751bc4d0d1ead14f7d57691c75599487f/src/main/java/servlets/module/challenge/SessionManagement7SecretQuestion.java#L229,[93]
https://github.com/mariia10/sast-suit2/blob/8bbad14751bc4d0d1ead14f7d57691c75599487f/src/main/java/servlets/module/challenge/SessionManagement8.java#L93,[93]
https://github.com/mariia10/sast-suit2/blob/8bbad14751bc4d0d1ead14f7d57691c75599487f/src/main/java/servlets/module/challenge/SessionManagement8.java#L114,[93]
https://github.com/mariia10/sast-suit2/blob/8bbad14751bc4d0d1ead14f7d57691c75599487f/src/main/java/servlets/module/challenge/SessionManagement8.java#L133,[93]
https://github.com/mariia10/sast-suit2/blob/8bbad14751bc4d0d1ead14f7d57691c75599487f/src/main/java/servlets/module/challenge/SessionManagement8.java#L134,[93]
https://github.com/mariia10/sast-suit2/blob/8bbad14751bc4d0d1ead14f7d57691c75599487f/src/main/java/servlets/module/challenge/SessionManagement8.java#L135,[93]
https://github.com/mariia10/sast-suit2/blob/8bbad14751bc4d0d1ead14f7d57691c75599487f/src/main/java/servlets/module/challenge/SqlInjection1.java#L82,[93]
https://github.com/mariia10/sast-suit2/blob/8bbad14751bc4d0d1ead14f7d57691c75599487f/src/main/java/servlets/module/challenge/SqlInjection1.java#L106,[93]
https://github.com/mariia10/sast-suit2/blob/8bbad14751bc4d0d1ead14f7d57691c75599487f/src/main/java/servlets/module/challenge/SqlInjection3.java#L83,[93]
https://github.com/mariia10/sast-suit2/blob/8bbad14751bc4d0d1ead14f7d57691c75599487f/src/main/java/servlets/module/challenge/SqlInjection3.java#L85,[93]
https://github.com/mariia10/sast-suit2/blob/8bbad14751bc4d0d1ead14f7d57691c75599487f/src/main/java/servlets/module/challenge/SqlInjection3.java#L104,[93]
https://github.com/mariia10/sast-suit2/blob/8bbad14751bc4d0d1ead14f7d57691c75599487f/src/main/java/servlets/module/challenge/SqlInjection4.java#L82,[93]
https://github.com/mariia10/sast-suit2/blob/8bbad14751bc4d0d1ead14f7d57691c75599487f/src/main/java/servlets/module/challenge/SqlInjection4.java#L84,[93]
https://github.com/mariia10/sast-suit2/blob/8bbad14751bc4d0d1ead14f7d57691c75599487f/src/main/java/servlets/module/challenge/SqlInjection4.java#L86,[93]
https://github.com/mariia10/sast-suit2/blob/8bbad14751bc4d0d1ead14f7d57691c75599487f/src/main/java/servlets/module/challenge/SqlInjection4.java#L88,[93]
https://github.com/mariia10/sast-suit2/blob/8bbad14751bc4d0d1ead14f7d57691c75599487f/src/main/java/servlets/module/challenge/SqlInjection4.java#L109,[93]
https://github.com/mariia10/sast-suit2/blob/8bbad14751bc4d0d1ead14f7d57691c75599487f/src/main/java/servlets/module/challenge/SqlInjection5.java#L74,[93]
https://github.com/mariia10/sast-suit2/blob/8bbad14751bc4d0d1ead14f7d57691c75599487f/src/main/java/servlets/module/challenge/SqlInjection5.java#L76,[93]
https://github.com/mariia10/sast-suit2/blob/8bbad14751bc4d0d1ead14f7d57691c75599487f/src/main/java/servlets/module/challenge/SqlInjection5.java#L78,[93]
https://github.com/mariia10/sast-suit2/blob/8bbad14751bc4d0d1ead14f7d57691c75599487f/src/main/java/servlets/module/challenge/SqlInjection5.java#L80,[93]
https://github.com/mariia10/sast-suit2/blob/8bbad14751bc4d0d1ead14f7d57691c75599487f/src/main/java/servlets/module/challenge/SqlInjection5.java#L82,[93]
https://github.com/mariia10/sast-suit2/blob/8bbad14751bc4d0d1ead14f7d57691c75599487f/src/main/java/servlets/module/challenge/SqlInjection5CouponCheck.java#L70,[93]
https://github.com/mariia10/sast-suit2/blob/8bbad14751bc4d0d1ead14f7d57691c75599487f/src/main/java/servlets/module/challenge/SqlInjection5CouponCheck.java#L89,[93]
https://github.com/mariia10/sast-suit2/blob/8bbad14751bc4d0d1ead14f7d57691c75599487f/src/main/java/servlets/module/challenge/SqlInjection5CouponCheck.java#L90,[93]
https://github.com/mariia10/sast-suit2/blob/8bbad14751bc4d0d1ead14f7d57691c75599487f/src/main/java/servlets/module/challenge/SqlInjection5VipCheck.java#L70,[93]
https://github.com/mariia10/sast-suit2/blob/8bbad14751bc4d0d1ead14f7d57691c75599487f/src/main/java/servlets/module/challenge/SqlInjection5VipCheck.java#L89,[93]
https://github.com/mariia10/sast-suit2/blob/8bbad14751bc4d0d1ead14f7d57691c75599487f/src/main/java/servlets/module/challenge/SqlInjection5VipCheck.java#L90,[93]
https://github.com/mariia10/sast-suit2/blob/8bbad14751bc4d0d1ead14f7d57691c75599487f/src/main/java/servlets/module/challenge/SqlInjection6.java#L79,[93]
https://github.com/mariia10/sast-suit2/blob/8bbad14751bc4d0d1ead14f7d57691c75599487f/src/main/java/servlets/module/challenge/SqlInjection6.java#L82,[93]
https://github.com/mariia10/sast-suit2/blob/8bbad14751bc4d0d1ead14f7d57691c75599487f/src/main/java/servlets/module/challenge/SqlInjection6.java#L86,[93]
https://github.com/mariia10/sast-suit2/blob/8bbad14751bc4d0d1ead14f7d57691c75599487f/src/main/java/servlets/module/challenge/SqlInjection7.java#L73,[93]
https://github.com/mariia10/sast-suit2/blob/8bbad14751bc4d0d1ead14f7d57691c75599487f/src/main/java/servlets/module/challenge/SqlInjection7.java#L75,[93]
https://github.com/mariia10/sast-suit2/blob/8bbad14751bc4d0d1ead14f7d57691c75599487f/src/main/java/servlets/module/challenge/SqlInjectionEmail.java#L80,[93]
https://github.com/mariia10/sast-suit2/blob/8bbad14751bc4d0d1ead14f7d57691c75599487f/src/main/java/servlets/module/challenge/SqlInjectionEmail.java#L82,[93]
https://github.com/mariia10/sast-suit2/blob/8bbad14751bc4d0d1ead14f7d57691c75599487f/src/main/java/servlets/module/challenge/SqlInjectionEmail.java#L107,[93]
https://github.com/mariia10/sast-suit2/blob/8bbad14751bc4d0d1ead14f7d57691c75599487f/src/main/java/servlets/module/challenge/SqlInjectionEscaping.java#L78,[93]
https://github.com/mariia10/sast-suit2/blob/8bbad14751bc4d0d1ead14f7d57691c75599487f/src/main/java/servlets/module/challenge/SqlInjectionEscaping.java#L80,[93]
https://github.com/mariia10/sast-suit2/blob/8bbad14751bc4d0d1ead14f7d57691c75599487f/src/main/java/servlets/module/challenge/SqlInjectionEscaping.java#L103,[93]
https://github.com/mariia10/sast-suit2/blob/8bbad14751bc4d0d1ead14f7d57691c75599487f/src/main/java/servlets/module/challenge/SqlInjectionStoredProcedure.java#L74,[93]
https://github.com/mariia10/sast-suit2/blob/8bbad14751bc4d0d1ead14f7d57691c75599487f/src/main/java/servlets/module/challenge/SqlInjectionStoredProcedure.java#L97,[93]
https://github.com/mariia10/sast-suit2/blob/8bbad14751bc4d0d1ead14f7d57691c75599487f/src/main/java/servlets/module/challenge/UrlAccess1.java#L78,[93]
https://github.com/mariia10/sast-suit2/blob/8bbad14751bc4d0d1ead14f7d57691c75599487f/src/main/java/servlets/module/challenge/UrlAccess1Admin.java#L82,[93]
https://github.com/mariia10/sast-suit2/blob/8bbad14751bc4d0d1ead14f7d57691c75599487f/src/main/java/servlets/module/challenge/UrlAccess2.java#L77,[93]
https://github.com/mariia10/sast-suit2/blob/8bbad14751bc4d0d1ead14f7d57691c75599487f/src/main/java/servlets/module/challenge/UrlAccess2Admin.java#L77,[93]
https://github.com/mariia10/sast-suit2/blob/8bbad14751bc4d0d1ead14f7d57691c75599487f/src/main/java/servlets/module/challenge/UrlAccess3.java#L92,[93]
https://github.com/mariia10/sast-suit2/blob/8bbad14751bc4d0d1ead14f7d57691c75599487f/src/main/java/servlets/module/challenge/UrlAccess3.java#L95,[93]
https://github.com/mariia10/sast-suit2/blob/8bbad14751bc4d0d1ead14f7d57691c75599487f/src/main/java/servlets/module/challenge/UrlAccess3.java#L116,[93]
https://github.com/mariia10/sast-suit2/blob/8bbad14751bc4d0d1ead14f7d57691c75599487f/src/main/java/servlets/module/challenge/UrlAccess3.java#L134,[93]
https://github.com/mariia10/sast-suit2/blob/8bbad14751bc4d0d1ead14f7d57691c75599487f/src/main/java/servlets/module/challenge/UrlAccess3.java#L135,[93]
https://github.com/mariia10/sast-suit2/blob/8bbad14751bc4d0d1ead14f7d57691c75599487f/src/main/java/servlets/module/challenge/UrlAccess3UserList.java#L84,[93]
https://github.com/mariia10/sast-suit2/blob/8bbad14751bc4d0d1ead14f7d57691c75599487f/src/main/java/servlets/module/challenge/UrlAccess3UserList.java#L87,[93]
https://github.com/mariia10/sast-suit2/blob/8bbad14751bc4d0d1ead14f7d57691c75599487f/src/main/java/servlets/module/challenge/XssChallengeFive.java#L81,[93]
https://github.com/mariia10/sast-suit2/blob/8bbad14751bc4d0d1ead14f7d57691c75599487f/src/main/java/servlets/module/challenge/XssChallengeFive.java#L84,[93]
https://github.com/mariia10/sast-suit2/blob/8bbad14751bc4d0d1ead14f7d57691c75599487f/src/main/java/servlets/module/challenge/XssChallengeFive.java#L103,[93]
https://github.com/mariia10/sast-suit2/blob/8bbad14751bc4d0d1ead14f7d57691c75599487f/src/main/java/servlets/module/challenge/XssChallengeFour.java#L81,[93]
https://github.com/mariia10/sast-suit2/blob/8bbad14751bc4d0d1ead14f7d57691c75599487f/src/main/java/servlets/module/challenge/XssChallengeFour.java#L95,[93]
https://github.com/mariia10/sast-suit2/blob/8bbad14751bc4d0d1ead14f7d57691c75599487f/src/main/java/servlets/module/challenge/XssChallengeFour.java#L113,[93]
https://github.com/mariia10/sast-suit2/blob/8bbad14751bc4d0d1ead14f7d57691c75599487f/src/main/java/servlets/module/challenge/XssChallengeOne.java#L79,[93]
https://github.com/mariia10/sast-suit2/blob/8bbad14751bc4d0d1ead14f7d57691c75599487f/src/main/java/servlets/module/challenge/XssChallengeOne.java#L81,[93]
https://github.com/mariia10/sast-suit2/blob/8bbad14751bc4d0d1ead14f7d57691c75599487f/src/main/java/servlets/module/challenge/XssChallengeOne.java#L99,[93]
https://github.com/mariia10/sast-suit2/blob/8bbad14751bc4d0d1ead14f7d57691c75599487f/src/main/java/servlets/module/challenge/XssChallengeSix.java#L81,[93]
https://github.com/mariia10/sast-suit2/blob/8bbad14751bc4d0d1ead14f7d57691c75599487f/src/main/java/servlets/module/challenge/XssChallengeSix.java#L84,[93]
https://github.com/mariia10/sast-suit2/blob/8bbad14751bc4d0d1ead14f7d57691c75599487f/src/main/java/servlets/module/challenge/XssChallengeSix.java#L103,[93]
https://github.com/mariia10/sast-suit2/blob/8bbad14751bc4d0d1ead14f7d57691c75599487f/src/main/java/servlets/module/challenge/XssChallengeThree.java#L79,[93]
https://github.com/mariia10/sast-suit2/blob/8bbad14751bc4d0d1ead14f7d57691c75599487f/src/main/java/servlets/module/challenge/XssChallengeThree.java#L81,[93]
https://github.com/mariia10/sast-suit2/blob/8bbad14751bc4d0d1ead14f7d57691c75599487f/src/main/java/servlets/module/challenge/XssChallengeThree.java#L99,[93]
https://github.com/mariia10/sast-suit2/blob/8bbad14751bc4d0d1ead14f7d57691c75599487f/src/main/java/servlets/module/challenge/XssChallengeTwo.java#L80,[93]
https://github.com/mariia10/sast-suit2/blob/8bbad14751bc4d0d1ead14f7d57691c75599487f/src/main/java/servlets/module/challenge/XssChallengeTwo.java#L82,[93]
https://github.com/mariia10/sast-suit2/blob/8bbad14751bc4d0d1ead14f7d57691c75599487f/src/main/java/servlets/module/challenge/XssChallengeTwo.java#L101,[93]
https://github.com/mariia10/sast-suit2/blob/8bbad14751bc4d0d1ead14f7d57691c75599487f/src/main/java/servlets/module/challenge/XxeChallenge1.java#L91,[93]
https://github.com/mariia10/sast-suit2/blob/8bbad14751bc4d0d1ead14f7d57691c75599487f/src/main/java/servlets/module/challenge/XxeChallenge1.java#L99,[93]
https://github.com/mariia10/sast-suit2/blob/8bbad14751bc4d0d1ead14f7d57691c75599487f/src/main/java/servlets/module/challenge/XxeChallenge1OldWebService.java#L75,[93]
https://github.com/mariia10/sast-suit2/blob/8bbad14751bc4d0d1ead14f7d57691c75599487f/src/main/java/servlets/module/challenge/XxeChallenge1OldWebService.java#L83,[93]
https://github.com/mariia10/sast-suit2/blob/8bbad14751bc4d0d1ead14f7d57691c75599487f/src/main/java/servlets/module/lesson/CsrfLesson.java#L84,[93]
https://github.com/mariia10/sast-suit2/blob/8bbad14751bc4d0d1ead14f7d57691c75599487f/src/main/java/servlets/module/lesson/CsrfLesson.java#L106,[93]
https://github.com/mariia10/sast-suit2/blob/8bbad14751bc4d0d1ead14f7d57691c75599487f/src/main/java/servlets/module/lesson/DirectObjectLesson.java#L74,[93]
https://github.com/mariia10/sast-suit2/blob/8bbad14751bc4d0d1ead14f7d57691c75599487f/src/main/java/servlets/module/lesson/PoorValidationLesson.java#L74,[93]
https://github.com/mariia10/sast-suit2/blob/8bbad14751bc4d0d1ead14f7d57691c75599487f/src/main/java/servlets/module/lesson/SecurityMisconfigLesson.java#L70,[93]
https://github.com/mariia10/sast-suit2/blob/8bbad14751bc4d0d1ead14f7d57691c75599487f/src/main/java/servlets/module/lesson/SecurityMisconfigLesson.java#L72,[93]
https://github.com/mariia10/sast-suit2/blob/8bbad14751bc4d0d1ead14f7d57691c75599487f/src/main/java/servlets/module/lesson/SessionManagementLesson.java#L84,[93]
https://github.com/mariia10/sast-suit2/blob/8bbad14751bc4d0d1ead14f7d57691c75599487f/src/main/java/servlets/module/lesson/SqlInjectionLesson.java#L76,[93]
https://github.com/mariia10/sast-suit2/blob/8bbad14751bc4d0d1ead14f7d57691c75599487f/src/main/java/servlets/module/lesson/SqlInjectionLesson.java#L102,[93]
https://github.com/mariia10/sast-suit2/blob/8bbad14751bc4d0d1ead14f7d57691c75599487f/src/main/java/servlets/module/lesson/SqlInjectionLesson.java#L139,[93]
https://github.com/mariia10/sast-suit2/blob/8bbad14751bc4d0d1ead14f7d57691c75599487f/src/main/java/servlets/module/lesson/UnvalidatedForwardsLesson.java#L86,[93]
https://github.com/mariia10/sast-suit2/blob/8bbad14751bc4d0d1ead14f7d57691c75599487f/src/main/java/servlets/module/lesson/UnvalidatedForwardsLesson.java#L93,[93]
https://github.com/mariia10/sast-suit2/blob/8bbad14751bc4d0d1ead14f7d57691c75599487f/src/main/java/servlets/module/lesson/UnvalidatedForwardsLesson.java#L94,[93]
https://github.com/mariia10/sast-suit2/blob/8bbad14751bc4d0d1ead14f7d57691c75599487f/src/main/java/servlets/module/lesson/UnvalidatedForwardsLesson.java#L95,[93]
https://github.com/mariia10/sast-suit2/blob/8bbad14751bc4d0d1ead14f7d57691c75599487f/src/main/java/servlets/module/lesson/UnvalidatedForwardsLesson.java#L96,[93]
https://github.com/mariia10/sast-suit2/blob/8bbad14751bc4d0d1ead14f7d57691c75599487f/src/main/java/servlets/module/lesson/UnvalidatedForwardsLesson.java#L117,[93]
https://github.com/mariia10/sast-suit2/blob/8bbad14751bc4d0d1ead14f7d57691c75599487f/src/main/java/servlets/module/lesson/UnvalidatedForwardsLesson.java#L151,[93]
https://github.com/mariia10/sast-suit2/blob/8bbad14751bc4d0d1ead14f7d57691c75599487f/src/main/java/servlets/module/lesson/XssLesson.java#L78,[93]
https://github.com/mariia10/sast-suit2/blob/8bbad14751bc4d0d1ead14f7d57691c75599487f/src/main/java/servlets/module/lesson/XssLesson.java#L96,[93]
https://github.com/mariia10/sast-suit2/blob/8bbad14751bc4d0d1ead14f7d57691c75599487f/src/main/java/servlets/module/lesson/XxeLesson.java#L91,[93]
https://github.com/mariia10/sast-suit2/blob/8bbad14751bc4d0d1ead14f7d57691c75599487f/src/main/java/servlets/module/lesson/XxeLesson.java#L99,[93]
https://github.com/mariia10/sast-suit2/blob/8bbad14751bc4d0d1ead14f7d57691c75599487f/src/main/java/servlets/module/challenge/SecurityMisconfigStealTokens.java#L96,[93]
https://github.com/mariia10/sast-suit2/blob/8bbad14751bc4d0d1ead14f7d57691c75599487f/src/main/java/servlets/module/challenge/SecurityMisconfigStealTokens.java#L202,[93]
https://github.com/mariia10/sast-suit2/blob/8bbad14751bc4d0d1ead14f7d57691c75599487f/src/main/java/servlets/module/challenge/SessionManagement1.java#L91,[93]
https://github.com/mariia10/sast-suit2/blob/8bbad14751bc4d0d1ead14f7d57691c75599487f/src/main/java/servlets/module/challenge/SessionManagement1.java#L94,[93]
https://github.com/mariia10/sast-suit2/blob/8bbad14751bc4d0d1ead14f7d57691c75599487f/src/main/java/servlets/module/challenge/SessionManagement3ChangePassword.java#L101,[93]
https://github.com/mariia10/sast-suit2/blob/8bbad14751bc4d0d1ead14f7d57691c75599487f/src/main/java/servlets/module/challenge/SessionManagement3ChangePassword.java#L112,[93]
https://github.com/mariia10/sast-suit2/blob/8bbad14751bc4d0d1ead14f7d57691c75599487f/src/main/java/servlets/module/challenge/SessionManagement3ChangePassword.java#L121,[93]
https://github.com/mariia10/sast-suit2/blob/8bbad14751bc4d0d1ead14f7d57691c75599487f/src/main/java/servlets/module/challenge/SessionManagement4.java#L90,[93]
https://github.com/mariia10/sast-suit2/blob/8bbad14751bc4d0d1ead14f7d57691c75599487f/src/main/java/servlets/module/challenge/SessionManagement4.java#L96,[93]
https://github.com/mariia10/sast-suit2/blob/8bbad14751bc4d0d1ead14f7d57691c75599487f/src/main/java/servlets/module/challenge/SessionManagement6.java#L94,[93]
https://github.com/mariia10/sast-suit2/blob/8bbad14751bc4d0d1ead14f7d57691c75599487f/src/main/java/servlets/module/challenge/SessionManagement6.java#L97,[93]
https://github.com/mariia10/sast-suit2/blob/8bbad14751bc4d0d1ead14f7d57691c75599487f/src/main/java/servlets/module/challenge/SessionManagement6SecretQuestion.java#L203,[93]
https://github.com/mariia10/sast-suit2/blob/8bbad14751bc4d0d1ead14f7d57691c75599487f/src/main/java/servlets/module/challenge/SessionManagement7.java#L94,[93]
https://github.com/mariia10/sast-suit2/blob/8bbad14751bc4d0d1ead14f7d57691c75599487f/src/main/java/servlets/module/challenge/SessionManagement7.java#L97,[93]
https://github.com/mariia10/sast-suit2/blob/8bbad14751bc4d0d1ead14f7d57691c75599487f/src/main/java/servlets/module/challenge/SessionManagement7SecretQuestion.java#L225,[93]
https://github.com/mariia10/sast-suit2/blob/8bbad14751bc4d0d1ead14f7d57691c75599487f/src/main/java/servlets/module/challenge/SessionManagement7SecretQuestion.java#L226,[93]
https://github.com/mariia10/sast-suit2/blob/8bbad14751bc4d0d1ead14f7d57691c75599487f/src/main/java/servlets/module/challenge/SessionManagement7SecretQuestion.java#L229,[93]
https://github.com/mariia10/sast-suit2/blob/8bbad14751bc4d0d1ead14f7d57691c75599487f/src/main/java/servlets/module/challenge/SessionManagement8.java#L93,[93]
https://github.com/mariia10/sast-suit2/blob/8bbad14751bc4d0d1ead14f7d57691c75599487f/src/main/java/servlets/module/challenge/SessionManagement8.java#L114,[93]
https://github.com/mariia10/sast-suit2/blob/8bbad14751bc4d0d1ead14f7d57691c75599487f/src/main/java/servlets/module/challenge/UrlAccess3.java#L92,[93]
https://github.com/mariia10/sast-suit2/blob/8bbad14751bc4d0d1ead14f7d57691c75599487f/src/main/java/servlets/module/challenge/UrlAccess3.java#L95,[93]
https://github.com/mariia10/sast-suit2/blob/8bbad14751bc4d0d1ead14f7d57691c75599487f/src/main/java/servlets/module/challenge/UrlAccess3.java#L116,[93]
https://github.com/mariia10/sast-suit2/blob/8bbad14751bc4d0d1ead14f7d57691c75599487f/src/main/java/servlets/module/challenge/UrlAccess3UserList.java#L84,[93]
https://github.com/mariia10/sast-suit2/blob/8bbad14751bc4d0d1ead14f7d57691c75599487f/src/main/java/servlets/module/challenge/UrlAccess3UserList.java#L87,[93]
https://github.com/mariia10/sast-suit2/blob/8bbad14751bc4d0d1ead14f7d57691c75599487f/src/main/java/servlets/module/lesson/SessionManagementLesson.java#L84,[93]
https://github.com/mariia10/sast-suit2/blob/8bbad14751bc4d0d1ead14f7d57691c75599487f/src/main/java/servlets/GetJsonScore.java#L98,[79]
https://github.com/mariia10/sast-suit2/blob/8bbad14751bc4d0d1ead14f7d57691c75599487f/src/main/java/servlets/admin/moduleManagement/GetFeedback.java#L71,[79]
https://github.com/mariia10/sast-suit2/blob/8bbad14751bc4d0d1ead14f7d57691c75599487f/src/main/java/servlets/admin/moduleManagement/GetJsonProgress.java#L74,[79]
https://github.com/mariia10/sast-suit2/blob/8bbad14751bc4d0d1ead14f7d57691c75599487f/src/main/java/servlets/admin/moduleManagement/GetProgress.java#L71,[79]
https://github.com/mariia10/sast-suit2/blob/8bbad14751bc4d0d1ead14f7d57691c75599487f/src/main/java/servlets/admin/userManagement/GiveTakePoints.java#L102,[79]
https://github.com/mariia10/sast-suit2/blob/8bbad14751bc4d0d1ead14f7d57691c75599487f/src/main/java/servlets/module/GetCheat.java#L79,[79]
https://github.com/mariia10/sast-suit2/blob/8bbad14751bc4d0d1ead14f7d57691c75599487f/src/main/java/servlets/module/GetModule.java#L132,[79]
https://github.com/mariia10/sast-suit2/blob/8bbad14751bc4d0d1ead14f7d57691c75599487f/src/main/java/servlets/module/RefreshMenu.java#L108,[79]
https://github.com/mariia10/sast-suit2/blob/8bbad14751bc4d0d1ead14f7d57691c75599487f/src/main/java/servlets/module/SolutionSubmit.java#L169,[79]
https://github.com/mariia10/sast-suit2/blob/8bbad14751bc4d0d1ead14f7d57691c75599487f/src/main/java/servlets/module/challenge/BrokenCrypto4.java#L171,[79]
https://github.com/mariia10/sast-suit2/blob/8bbad14751bc4d0d1ead14f7d57691c75599487f/src/main/java/servlets/module/challenge/BrokenCryptoHomeMade.java#L247,[79]
https://github.com/mariia10/sast-suit2/blob/8bbad14751bc4d0d1ead14f7d57691c75599487f/src/main/java/servlets/module/challenge/DirectObjectBankCurrentBalance.java#L78,[79]
https://github.com/mariia10/sast-suit2/blob/8bbad14751bc4d0d1ead14f7d57691c75599487f/src/main/java/servlets/module/challenge/PoorValidation1.java#L120,[79]
https://github.com/mariia10/sast-suit2/blob/8bbad14751bc4d0d1ead14f7d57691c75599487f/src/main/java/servlets/module/challenge/PoorValidation2.java#L123,[79]
https://github.com/mariia10/sast-suit2/blob/8bbad14751bc4d0d1ead14f7d57691c75599487f/src/main/java/servlets/module/challenge/SqlInjection5.java#L167,[79]
https://github.com/mariia10/sast-suit2/blob/8bbad14751bc4d0d1ead14f7d57691c75599487f/src/main/java/servlets/module/challenge/SqlInjection5CouponCheck.java#L119,[79]
https://github.com/mariia10/sast-suit2/blob/8bbad14751bc4d0d1ead14f7d57691c75599487f/src/main/java/servlets/module/challenge/SqlInjection5VipCheck.java#L120,[79]
https://github.com/mariia10/sast-suit2/blob/8bbad14751bc4d0d1ead14f7d57691c75599487f/src/main/java/servlets/module/challenge/XssChallengeFive.java#L113,[79]
https://github.com/mariia10/sast-suit2/blob/8bbad14751bc4d0d1ead14f7d57691c75599487f/src/main/java/servlets/module/challenge/XssChallengeFour.java#L123,[79]
https://github.com/mariia10/sast-suit2/blob/8bbad14751bc4d0d1ead14f7d57691c75599487f/src/main/java/servlets/module/challenge/XssChallengeOne.java#L110,[79]
https://github.com/mariia10/sast-suit2/blob/8bbad14751bc4d0d1ead14f7d57691c75599487f/src/main/java/servlets/module/challenge/XssChallengeSix.java#L113,[79]
https://github.com/mariia10/sast-suit2/blob/8bbad14751bc4d0d1ead14f7d57691c75599487f/src/main/java/servlets/module/challenge/XssChallengeThree.java#L110,[79]
https://github.com/mariia10/sast-suit2/blob/8bbad14751bc4d0d1ead14f7d57691c75599487f/src/main/java/servlets/module/challenge/XssChallengeTwo.java#L112,[79]
https://github.com/mariia10/sast-suit2/blob/8bbad14751bc4d0d1ead14f7d57691c75599487f/src/main/java/servlets/module/lesson/CsrfLesson.java#L122,[79]
https://github.com/mariia10/sast-suit2/blob/8bbad14751bc4d0d1ead14f7d57691c75599487f/src/main/java/servlets/module/lesson/PoorValidationLesson.java#L106,[79]
https://github.com/mariia10/sast-suit2/blob/8bbad14751bc4d0d1ead14f7d57691c75599487f/src/main/java/servlets/module/lesson/UnvalidatedForwardsLesson.java#L168,[79]
https://github.com/mariia10/sast-suit2/blob/8bbad14751bc4d0d1ead14f7d57691c75599487f/src/main/java/servlets/module/lesson/XssLesson.java#L107,[79]
Line Of Code Url,
https://github.com/mariia10/sast-suit2/blob/8bbad14751bc4d0d1ead14f7d57691c75599487f/src/main/java/servlets/module/ModuleServletTemplate.java#L157,
https://github.com/mariia10/sast-suit2/blob/8bbad14751bc4d0d1ead14f7d57691c75599487f/src/main/java/servlets/module/challenge/SessionManagement6SecretQuestion.java#L229,
https://github.com/mariia10/sast-suit2/blob/8bbad14751bc4d0d1ead14f7d57691c75599487f/src/main/java/servlets/module/challenge/SqlInjection1.java#L91,
https://github.com/mariia10/sast-suit2/blob/8bbad14751bc4d0d1ead14f7d57691c75599487f/src/main/java/servlets/module/challenge/SqlInjection3.java#L94,
https://github.com/mariia10/sast-suit2/blob/8bbad14751bc4d0d1ead14f7d57691c75599487f/src/main/java/servlets/module/challenge/SqlInjection4.java#L97,
https://github.com/mariia10/sast-suit2/blob/8bbad14751bc4d0d1ead14f7d57691c75599487f/src/main/java/servlets/module/challenge/SqlInjection5CouponCheck.java#L81,
https://github.com/mariia10/sast-suit2/blob/8bbad14751bc4d0d1ead14f7d57691c75599487f/src/main/java/servlets/module/challenge/SqlInjection5VipCheck.java#L81,
https://github.com/mariia10/sast-suit2/blob/8bbad14751bc4d0d1ead14f7d57691c75599487f/src/main/java/servlets/module/challenge/SqlInjection6.java#L90,
https://github.com/mariia10/sast-suit2/blob/8bbad14751bc4d0d1ead14f7d57691c75599487f/src/main/java/servlets/module/challenge/SqlInjection7.java#L84,
https://github.com/mariia10/sast-suit2/blob/8bbad14751bc4d0d1ead14f7d57691c75599487f/src/main/java/servlets/module/challenge/SqlInjectionEmail.java#L91,
https://github.com/mariia10/sast-suit2/blob/8bbad14751bc4d0d1ead14f7d57691c75599487f/src/main/java/servlets/module/challenge/SqlInjectionEscaping.java#L88,
https://github.com/mariia10/sast-suit2/blob/8bbad14751bc4d0d1ead14f7d57691c75599487f/src/main/java/servlets/module/challenge/SqlInjectionStoredProcedure.java#L82,
https://github.com/mariia10/sast-suit2/blob/8bbad14751bc4d0d1ead14f7d57691c75599487f/src/main/java/servlets/module/challenge/UrlAccess3UserList.java#L95,
https://github.com/mariia10/sast-suit2/blob/8bbad14751bc4d0d1ead14f7d57691c75599487f/src/main/java/servlets/module/lesson/SqlInjectionLesson.java#L136,
